# map0 통행 격자 (80x80 칸 x 50px = 4000x4000). 1=통행 0=벽. 행=위(y0)->아래, 열=왼쪽(x0)->오른쪽.
# 벽 블록 A: 세로 장벽 x[2500,2700] y[800,1400]   - 스폰 구역(x<=1950) 오른쪽 위 바깥.
# 벽 블록 B: 가로 장벽 x[1000,1800] y[2600,2800] - 스폰 구역 아래 바깥, 포탈 회랑(y=2000 대역) 아래.
# 벽 블록 C: 우회 시연 C자 cols[41,49] rows[28,37] (x[2050,2500] y[1400,1900]) - 개구부=동쪽. 등(서쪽) 3칸 두께.
#   스폰 구역과 포탈 회랑 사이 검증용 우회 장애물. 벽 반대편 추격 시 A*/JPS 가 등을 돌아 동쪽 개구부로 진입.
# 규칙: 스폰 구역/부활 지점(700,700)/포탈 발동점(3800,2000)/도착점(3300,2000)은 반드시 통행 칸. 부팅 연결성 검사가 강제.
11111111111111111111111111111111111111111111111111111111111111111111111111111111
11111111111111111111111111111111111111111111111111111111111111111111111111111111
11111111111111111111111111111111111111111111111111111111111111111111111111111111
11111111111111111111111111111111111111111111111111111111111111111111111111111111
11111111111111111111111111111111111111111111111111111111111111111111111111111111
11111111111111111111111111111111111111111111111111111111111111111111111111111111
11111111111111111111111111111111111111111111111111111111111111111111111111111111
11111111111111111111111111111111111111111111111111111111111111111111111111111111
11111111111111111111111111111111111111111111111111111111111111111111111111111111
11111111111111111111111111111111111111111111111111111111111111111111111111111111
11111111111111111111111111111111111111111111111111111111111111111111111111111111
11111111111111111111111111111111111111111111111111111111111111111111111111111111
11111111111111111111111111111111111111111111111111111111111111111111111111111111
11111111111111111111111111111111111111111111111111111111111111111111111111111111
11111111111111111111111111111111111111111111111111111111111111111111111111111111
11111111111111111111111111111111111111111111111111111111111111111111111111111111
11111111111111111111111111111111111111111111111111000011111111111111111111111111
11111111111111111111111111111111111111111111111111000011111111111111111111111111
11111111111111111111111111111111111111111111111111000011111111111111111111111111
11111111111111111111111111111111111111111111111111000011111111111111111111111111
11111111111111111111111111111111111111111111111111000011111111111111111111111111
11111111111111111111111111111111111111111111111111000011111111111111111111111111
11111111111111111111111111111111111111111111111111000011111111111111111111111111
11111111111111111111111111111111111111111111111111000011111111111111111111111111
11111111111111111111111111111111111111111111111111000011111111111111111111111111
11111111111111111111111111111111111111111111111111000011111111111111111111111111
11111111111111111111111111111111111111111111111111000011111111111111111111111111
11111111111111111111111111111111111111111111111111000011111111111111111111111111
11111111111111111111111111111111111111111000000000111111111111111111111111111111
11111111111111111111111111111111111111111000000000111111111111111111111111111111
11111111111111111111111111111111111111111000000000111111111111111111111111111111
11111111111111111111111111111111111111111000111111111111111111111111111111111111
11111111111111111111111111111111111111111000111111111111111111111111111111111111
11111111111111111111111111111111111111111000111111111111111111111111111111111111
11111111111111111111111111111111111111111000111111111111111111111111111111111111
11111111111111111111111111111111111111111000000000111111111111111111111111111111
11111111111111111111111111111111111111111000000000111111111111111111111111111111
11111111111111111111111111111111111111111000000000111111111111111111111111111111
11111111111111111111111111111111111111111111111111111111111111111111111111111111
11111111111111111111111111111111111111111111111111111111111111111111111111111111
11111111111111111111111111111111111111111111111111111111111111111111111111111111
11111111111111111111111111111111111111111111111111111111111111111111111111111111
11111111111111111111111111111111111111111111111111111111111111111111111111111111
11111111111111111111111111111111111111111111111111111111111111111111111111111111
11111111111111111111111111111111111111111111111111111111111111111111111111111111
11111111111111111111111111111111111111111111111111111111111111111111111111111111
11111111111111111111111111111111111111111111111111111111111111111111111111111111
11111111111111111111111111111111111111111111111111111111111111111111111111111111
11111111111111111111111111111111111111111111111111111111111111111111111111111111
11111111111111111111111111111111111111111111111111111111111111111111111111111111
11111111111111111111111111111111111111111111111111111111111111111111111111111111
11111111111111111111111111111111111111111111111111111111111111111111111111111111
11111111111111111111000000000000000011111111111111111111111111111111111111111111
11111111111111111111000000000000000011111111111111111111111111111111111111111111
11111111111111111111000000000000000011111111111111111111111111111111111111111111
11111111111111111111000000000000000011111111111111111111111111111111111111111111
11111111111111111111111111111111111111111111111111111111111111111111111111111111
11111111111111111111111111111111111111111111111111111111111111111111111111111111
11111111111111111111111111111111111111111111111111111111111111111111111111111111
11111111111111111111111111111111111111111111111111111111111111111111111111111111
11111111111111111111111111111111111111111111111111111111111111111111111111111111
11111111111111111111111111111111111111111111111111111111111111111111111111111111
11111111111111111111111111111111111111111111111111111111111111111111111111111111
11111111111111111111111111111111111111111111111111111111111111111111111111111111
11111111111111111111111111111111111111111111111111111111111111111111111111111111
11111111111111111111111111111111111111111111111111111111111111111111111111111111
11111111111111111111111111111111111111111111111111111111111111111111111111111111
11111111111111111111111111111111111111111111111111111111111111111111111111111111
11111111111111111111111111111111111111111111111111111111111111111111111111111111
11111111111111111111111111111111111111111111111111111111111111111111111111111111
11111111111111111111111111111111111111111111111111111111111111111111111111111111
11111111111111111111111111111111111111111111111111111111111111111111111111111111
11111111111111111111111111111111111111111111111111111111111111111111111111111111
11111111111111111111111111111111111111111111111111111111111111111111111111111111
11111111111111111111111111111111111111111111111111111111111111111111111111111111
11111111111111111111111111111111111111111111111111111111111111111111111111111111
11111111111111111111111111111111111111111111111111111111111111111111111111111111
11111111111111111111111111111111111111111111111111111111111111111111111111111111
11111111111111111111111111111111111111111111111111111111111111111111111111111111
11111111111111111111111111111111111111111111111111111111111111111111111111111111
